trial,testing,parameters,initial_deadline,final_deadline,net_reward,actions,success
1,False,"{'a': 0.6, 'e': 0.995}",20,0,-162.49621513841137,"{0: 11, 1: 4, 2: 1, 3: 1, 4: 3}",0
2,False,"{'a': 0.6, 'e': 0.99}",35,0,-244.19648251958068,"{0: 18, 1: 6, 2: 7, 3: 0, 4: 4}",0
3,False,"{'a': 0.6, 'e': 0.985}",25,0,-192.26847168447978,"{0: 9, 1: 7, 2: 5, 3: 2, 4: 2}",0
4,False,"{'a': 0.6, 'e': 0.98}",25,0,-121.64680403248376,"{0: 12, 1: 3, 2: 8, 3: 2, 4: 0}",0
5,False,"{'a': 0.6, 'e': 0.975}",20,0,-137.33264968635453,"{0: 9, 1: 5, 2: 4, 3: 0, 4: 2}",0
6,False,"{'a': 0.6, 'e': 0.97}",30,0,-93.10916736101065,"{0: 19, 1: 2, 2: 8, 3: 1, 4: 0}",0
7,False,"{'a': 0.6, 'e': 0.965}",25,0,-113.86032771468055,"{0: 14, 1: 5, 2: 3, 3: 2, 4: 1}",0
8,False,"{'a': 0.6, 'e': 0.96}",35,0,-107.06110484437029,"{0: 22, 1: 1, 2: 11, 3: 1, 4: 0}",0
9,False,"{'a': 0.6, 'e': 0.955}",25,0,-84.68993805278305,"{0: 17, 1: 3, 2: 4, 3: 0, 4: 1}",0
10,False,"{'a': 0.6, 'e': 0.95}",25,0,-184.69021739578258,"{0: 16, 1: 2, 2: 3, 3: 0, 4: 4}",0
11,False,"{'a': 0.6, 'e': 0.945}",20,1,-51.07327338541821,"{0: 15, 1: 0, 2: 3, 3: 0, 4: 1}",1
12,False,"{'a': 0.6, 'e': 0.94}",25,12,-21.541634381562215,"{0: 12, 1: 0, 2: 0, 3: 0, 4: 1}",1
13,False,"{'a': 0.6, 'e': 0.9349999999999999}",20,3,14.383203350081807,"{0: 16, 1: 0, 2: 1, 3: 0, 4: 0}",1
14,False,"{'a': 0.6, 'e': 0.9299999999999999}",20,0,-53.07468876833586,"{0: 12, 1: 4, 2: 4, 3: 0, 4: 0}",0
15,False,"{'a': 0.6, 'e': 0.9249999999999999}",20,0,-59.027107677711626,"{0: 14, 1: 2, 2: 2, 3: 2, 4: 0}",0
16,False,"{'a': 0.6, 'e': 0.9199999999999999}",20,0,-103.32747798569548,"{0: 11, 1: 2, 2: 6, 3: 0, 4: 1}",0
17,False,"{'a': 0.6, 'e': 0.9149999999999999}",25,0,-114.01987379638406,"{0: 12, 1: 5, 2: 7, 3: 0, 4: 1}",0
18,False,"{'a': 0.6, 'e': 0.9099999999999999}",25,0,-131.67905499324507,"{0: 14, 1: 2, 2: 6, 3: 2, 4: 1}",0
19,False,"{'a': 0.6, 'e': 0.9049999999999999}",20,7,-155.58833899311023,"{0: 5, 1: 0, 2: 4, 3: 2, 4: 2}",1
20,False,"{'a': 0.6, 'e': 0.8999999999999999}",30,4,-183.10619844675875,"{0: 11, 1: 5, 2: 7, 3: 1, 4: 2}",1
21,False,"{'a': 0.6, 'e': 0.8949999999999999}",25,0,-62.94973635886865,"{0: 19, 1: 2, 2: 2, 3: 1, 4: 1}",0
22,False,"{'a': 0.6, 'e': 0.8899999999999999}",20,2,-188.85245520521838,"{0: 10, 1: 1, 2: 2, 3: 1, 4: 4}",1
23,False,"{'a': 0.6, 'e': 0.8849999999999999}",20,0,-99.64233627553895,"{0: 11, 1: 3, 2: 4, 3: 1, 4: 1}",0
24,False,"{'a': 0.6, 'e': 0.8799999999999999}",20,0,-218.42232842208298,"{0: 11, 1: 0, 2: 3, 3: 2, 4: 4}",0
25,False,"{'a': 0.6, 'e': 0.8749999999999999}",20,0,-141.57556998112486,"{0: 10, 1: 1, 2: 7, 3: 0, 4: 2}",0
26,False,"{'a': 0.6, 'e': 0.8699999999999999}",25,0,-84.2782002683926,"{0: 14, 1: 6, 2: 3, 3: 2, 4: 0}",0
27,False,"{'a': 0.6, 'e': 0.8649999999999999}",20,0,-101.15445117666509,"{0: 14, 1: 2, 2: 1, 3: 1, 4: 2}",0
28,False,"{'a': 0.6, 'e': 0.8599999999999999}",30,0,-131.103315350951,"{0: 18, 1: 2, 2: 8, 3: 1, 4: 1}",0
29,False,"{'a': 0.6, 'e': 0.8549999999999999}",20,0,-99.91328210845026,"{0: 12, 1: 4, 2: 0, 3: 3, 4: 1}",0
30,False,"{'a': 0.6, 'e': 0.8499999999999999}",30,0,-99.98536125935273,"{0: 22, 1: 2, 2: 3, 3: 2, 4: 1}",0
31,False,"{'a': 0.6, 'e': 0.8449999999999999}",25,0,-57.0932189579104,"{0: 17, 1: 1, 2: 7, 3: 0, 4: 0}",0
32,False,"{'a': 0.6, 'e': 0.8399999999999999}",20,0,-84.21937067921324,"{0: 13, 1: 0, 2: 6, 3: 0, 4: 1}",0
33,False,"{'a': 0.6, 'e': 0.8349999999999999}",30,11,-125.61979704746771,"{0: 11, 1: 1, 2: 4, 3: 1, 4: 2}",1
34,False,"{'a': 0.6, 'e': 0.8299999999999998}",20,0,-33.32826547314609,"{0: 15, 1: 2, 2: 2, 3: 1, 4: 0}",0
35,False,"{'a': 0.6, 'e': 0.8249999999999998}",20,0,-75.78484984832649,"{0: 13, 1: 3, 2: 2, 3: 1, 4: 1}",0
36,False,"{'a': 0.6, 'e': 0.8199999999999998}",25,0,-107.39670269045689,"{0: 18, 1: 1, 2: 4, 3: 0, 4: 2}",0
37,False,"{'a': 0.6, 'e': 0.8149999999999998}",20,0,-110.33046205880532,"{0: 10, 1: 1, 2: 8, 3: 0, 4: 1}",0
38,False,"{'a': 0.6, 'e': 0.8099999999999998}",20,0,-137.43867899844878,"{0: 10, 1: 3, 2: 4, 3: 1, 4: 2}",0
39,False,"{'a': 0.6, 'e': 0.8049999999999998}",20,0,-125.9160067048772,"{0: 11, 1: 0, 2: 6, 3: 2, 4: 1}",0
40,False,"{'a': 0.6, 'e': 0.7999999999999998}",25,0,-130.87902081722416,"{0: 15, 1: 4, 2: 3, 3: 1, 4: 2}",0
41,False,"{'a': 0.6, 'e': 0.7949999999999998}",25,0,-72.78112510873977,"{0: 20, 1: 0, 2: 2, 3: 2, 4: 1}",0
42,False,"{'a': 0.6, 'e': 0.7899999999999998}",20,0,-48.529156199758,"{0: 13, 1: 1, 2: 6, 3: 0, 4: 0}",0
43,False,"{'a': 0.6, 'e': 0.7849999999999998}",25,7,-102.6761313719432,"{0: 10, 1: 5, 2: 1, 3: 0, 4: 2}",1
44,False,"{'a': 0.6, 'e': 0.7799999999999998}",25,0,-93.31451998436614,"{0: 15, 1: 6, 2: 2, 3: 1, 4: 1}",0
45,False,"{'a': 0.6, 'e': 0.7749999999999998}",20,0,-111.87490154595729,"{0: 13, 1: 1, 2: 4, 3: 0, 4: 2}",0
46,False,"{'a': 0.6, 'e': 0.7699999999999998}",30,0,-105.60813647631261,"{0: 18, 1: 4, 2: 5, 3: 3, 4: 0}",0
47,False,"{'a': 0.6, 'e': 0.7649999999999998}",25,0,-63.72570781951863,"{0: 18, 1: 2, 2: 4, 3: 0, 4: 1}",0
48,False,"{'a': 0.6, 'e': 0.7599999999999998}",20,0,25.523312081133,"{0: 20, 1: 0, 2: 0, 3: 0, 4: 0}",0
49,False,"{'a': 0.6, 'e': 0.7549999999999998}",20,0,-58.95732370317236,"{0: 12, 1: 2, 2: 5, 3: 1, 4: 0}",0
50,False,"{'a': 0.6, 'e': 0.7499999999999998}",20,5,-73.17984141327389,"{0: 10, 1: 1, 2: 2, 3: 1, 4: 1}",1
51,False,"{'a': 0.6, 'e': 0.7449999999999998}",25,0,-9.283597486330425,"{0: 21, 1: 1, 2: 3, 3: 0, 4: 0}",0
52,False,"{'a': 0.6, 'e': 0.7399999999999998}",30,13,-92.4407235035099,"{0: 11, 1: 2, 2: 2, 3: 0, 4: 2}",1
53,False,"{'a': 0.6, 'e': 0.7349999999999998}",30,0,-126.87756501094314,"{0: 23, 1: 1, 2: 3, 3: 0, 4: 3}",0
54,False,"{'a': 0.6, 'e': 0.7299999999999998}",25,0,-172.55644628701145,"{0: 15, 1: 2, 2: 4, 3: 1, 4: 3}",0
55,False,"{'a': 0.6, 'e': 0.7249999999999998}",25,6,-127.09375617847695,"{0: 12, 1: 1, 2: 2, 3: 2, 4: 2}",1
56,False,"{'a': 0.6, 'e': 0.7199999999999998}",20,2,-50.374515754376745,"{0: 15, 1: 0, 2: 1, 3: 1, 4: 1}",1
57,False,"{'a': 0.6, 'e': 0.7149999999999997}",25,4,-30.091588468845256,"{0: 18, 1: 1, 2: 1, 3: 0, 4: 1}",1
58,False,"{'a': 0.6, 'e': 0.7099999999999997}",25,9,-50.90949572444189,"{0: 11, 1: 0, 2: 3, 3: 2, 4: 0}",1
59,False,"{'a': 0.6, 'e': 0.7049999999999997}",20,5,-45.593018874818966,"{0: 10, 1: 1, 2: 3, 3: 1, 4: 0}",1
60,False,"{'a': 0.6, 'e': 0.6999999999999997}",25,8,-79.43941552477479,"{0: 11, 1: 1, 2: 3, 3: 1, 4: 1}",1
61,False,"{'a': 0.6, 'e': 0.6949999999999997}",20,10,-30.93471386005765,"{0: 8, 1: 1, 2: 0, 3: 0, 4: 1}",1
62,False,"{'a': 0.6, 'e': 0.6899999999999997}",35,19,-39.00811494531591,"{0: 12, 1: 0, 2: 2, 3: 2, 4: 0}",1
63,False,"{'a': 0.6, 'e': 0.6849999999999997}",25,5,-89.54040324481602,"{0: 13, 1: 0, 2: 5, 3: 1, 4: 1}",1
64,False,"{'a': 0.6, 'e': 0.6799999999999997}",30,0,-77.04026289229152,"{0: 23, 1: 2, 2: 3, 3: 1, 4: 1}",0
65,False,"{'a': 0.6, 'e': 0.6749999999999997}",20,0,-23.599868995377612,"{0: 14, 1: 3, 2: 3, 3: 0, 4: 0}",0
66,False,"{'a': 0.6, 'e': 0.6699999999999997}",20,8,2.508401077620639,"{0: 11, 1: 0, 2: 1, 3: 0, 4: 0}",1
67,False,"{'a': 0.6, 'e': 0.6649999999999997}",20,11,-2.476685726346049,"{0: 7, 1: 1, 2: 1, 3: 0, 4: 0}",1
68,False,"{'a': 0.6, 'e': 0.6599999999999997}",30,0,-24.441750762513344,"{0: 23, 1: 3, 2: 4, 3: 0, 4: 0}",0
69,False,"{'a': 0.6, 'e': 0.6549999999999997}",20,1,-45.1194156652427,"{0: 12, 1: 4, 2: 2, 3: 1, 4: 0}",1
70,False,"{'a': 0.6, 'e': 0.6499999999999997}",25,0,-41.09721166670964,"{0: 21, 1: 1, 2: 2, 3: 0, 4: 1}",0
71,False,"{'a': 0.6, 'e': 0.6449999999999997}",20,0,-145.07862626550568,"{0: 13, 1: 1, 2: 2, 3: 1, 4: 3}",0
72,False,"{'a': 0.6, 'e': 0.6399999999999997}",25,0,-38.14871833396874,"{0: 19, 1: 2, 2: 3, 3: 1, 4: 0}",0
73,False,"{'a': 0.6, 'e': 0.6349999999999997}",25,9,-45.21989903034153,"{0: 13, 1: 0, 2: 2, 3: 0, 4: 1}",1
74,False,"{'a': 0.6, 'e': 0.6299999999999997}",35,22,-2.9562225834653075,"{0: 11, 1: 1, 2: 0, 3: 1, 4: 0}",1
75,False,"{'a': 0.6, 'e': 0.6249999999999997}",20,0,-66.3416255193329,"{0: 13, 1: 3, 2: 3, 3: 0, 4: 1}",0
76,False,"{'a': 0.6, 'e': 0.6199999999999997}",25,0,-15.989006852322134,"{0: 20, 1: 2, 2: 3, 3: 0, 4: 0}",0
77,False,"{'a': 0.6, 'e': 0.6149999999999997}",20,14,13.788064037161122,"{0: 6, 1: 0, 2: 0, 3: 0, 4: 0}",1
78,False,"{'a': 0.6, 'e': 0.6099999999999997}",25,17,-3.5924475426133853,"{0: 6, 1: 1, 2: 1, 3: 0, 4: 0}",1
79,False,"{'a': 0.6, 'e': 0.6049999999999996}",30,15,-23.81054876019866,"{0: 10, 1: 2, 2: 3, 3: 0, 4: 0}",1
80,False,"{'a': 0.6, 'e': 0.5999999999999996}",25,6,-66.22291114492698,"{0: 13, 1: 1, 2: 4, 3: 0, 4: 1}",1
81,False,"{'a': 0.6, 'e': 0.5949999999999996}",25,0,-159.38156608877645,"{0: 16, 1: 2, 2: 3, 3: 1, 4: 3}",0
82,False,"{'a': 0.6, 'e': 0.5899999999999996}",20,3,-74.97859492789034,"{0: 13, 1: 0, 2: 1, 3: 2, 4: 1}",1
83,False,"{'a': 0.6, 'e': 0.5849999999999996}",25,0,-132.05437754986124,"{0: 18, 1: 1, 2: 3, 3: 0, 4: 3}",1
84,False,"{'a': 0.6, 'e': 0.5799999999999996}",20,0,-86.49239844219716,"{0: 15, 1: 1, 2: 2, 3: 0, 4: 2}",0
85,False,"{'a': 0.6, 'e': 0.5749999999999996}",25,0,-25.950896523942053,"{0: 22, 1: 1, 2: 1, 3: 0, 4: 1}",0
86,False,"{'a': 0.6, 'e': 0.5699999999999996}",25,0,-59.847322454620915,"{0: 17, 1: 1, 2: 6, 3: 1, 4: 0}",0
87,False,"{'a': 0.6, 'e': 0.5649999999999996}",30,22,-4.032449993327275,"{0: 6, 1: 1, 2: 1, 3: 0, 4: 0}",1
88,False,"{'a': 0.6, 'e': 0.5599999999999996}",20,10,-32.344444637017446,"{0: 8, 1: 0, 2: 1, 3: 0, 4: 1}",1
89,False,"{'a': 0.6, 'e': 0.5549999999999996}",30,17,-14.687414746905702,"{0: 12, 1: 0, 2: 0, 3: 0, 4: 1}",1
90,False,"{'a': 0.6, 'e': 0.5499999999999996}",25,9,-89.30242839641944,"{0: 11, 1: 0, 2: 3, 3: 0, 4: 2}",1
91,False,"{'a': 0.6, 'e': 0.5449999999999996}",20,0,-39.473345528633885,"{0: 15, 1: 1, 2: 3, 3: 1, 4: 0}",0
92,False,"{'a': 0.6, 'e': 0.5399999999999996}",20,14,8.623166452253411,"{0: 6, 1: 0, 2: 0, 3: 0, 4: 0}",1
93,False,"{'a': 0.6, 'e': 0.5349999999999996}",25,0,-141.14478608616207,"{0: 16, 1: 2, 2: 3, 3: 2, 4: 2}",0
94,False,"{'a': 0.6, 'e': 0.5299999999999996}",20,3,27.537963459608036,"{0: 17, 1: 0, 2: 0, 3: 0, 4: 0}",1
95,False,"{'a': 0.6, 'e': 0.5249999999999996}",20,0,-59.403104815248035,"{0: 15, 1: 0, 2: 4, 3: 0, 4: 1}",0
96,False,"{'a': 0.6, 'e': 0.5199999999999996}",20,8,-23.601162408400803,"{0: 11, 1: 0, 2: 0, 3: 0, 4: 1}",1
97,False,"{'a': 0.6, 'e': 0.5149999999999996}",20,0,14.117548443179968,"{0: 18, 1: 1, 2: 1, 3: 0, 4: 0}",0
98,False,"{'a': 0.6, 'e': 0.5099999999999996}",25,5,-41.988425841076875,"{0: 14, 1: 1, 2: 4, 3: 1, 4: 0}",1
99,False,"{'a': 0.6, 'e': 0.5049999999999996}",35,4,-165.16676712857512,"{0: 21, 1: 1, 2: 5, 3: 1, 4: 3}",1
100,False,"{'a': 0.6, 'e': 0.49999999999999956}",25,4,4.838173185313613,"{0: 18, 1: 1, 2: 2, 3: 0, 4: 0}",1
101,False,"{'a': 0.6, 'e': 0.49499999999999955}",25,4,-27.50117500275697,"{0: 18, 1: 1, 2: 1, 3: 0, 4: 1}",1
102,False,"{'a': 0.6, 'e': 0.48999999999999955}",25,9,-73.19009908148422,"{0: 11, 1: 2, 2: 0, 3: 2, 4: 1}",1
103,False,"{'a': 0.6, 'e': 0.48499999999999954}",20,0,-36.70530399653324,"{0: 16, 1: 3, 2: 0, 3: 0, 4: 1}",0
104,False,"{'a': 0.6, 'e': 0.47999999999999954}",20,3,-12.670455353056095,"{0: 15, 1: 0, 2: 0, 3: 2, 4: 0}",1
105,False,"{'a': 0.6, 'e': 0.47499999999999953}",20,9,10.172385373752794,"{0: 10, 1: 1, 2: 0, 3: 0, 4: 0}",1
106,False,"{'a': 0.6, 'e': 0.46999999999999953}",20,0,-68.80863815684609,"{0: 15, 1: 1, 2: 2, 3: 1, 4: 1}",0
107,False,"{'a': 0.6, 'e': 0.4649999999999995}",25,0,-1.3815232120349386,"{0: 21, 1: 2, 2: 2, 3: 0, 4: 0}",0
108,False,"{'a': 0.6, 'e': 0.4599999999999995}",20,5,6.811677143063374,"{0: 13, 1: 1, 2: 1, 3: 0, 4: 0}",1
109,False,"{'a': 0.6, 'e': 0.4549999999999995}",35,17,7.707429320995523,"{0: 15, 1: 1, 2: 2, 3: 0, 4: 0}",1
110,False,"{'a': 0.6, 'e': 0.4499999999999995}",20,0,-8.015654810704396,"{0: 16, 1: 2, 2: 2, 3: 0, 4: 0}",0
111,False,"{'a': 0.6, 'e': 0.4449999999999995}",20,0,-63.46794745642144,"{0: 16, 1: 0, 2: 1, 3: 2, 4: 1}",0
112,False,"{'a': 0.6, 'e': 0.4399999999999995}",25,10,-36.18823078520574,"{0: 13, 1: 0, 2: 0, 3: 1, 4: 1}",1
113,False,"{'a': 0.6, 'e': 0.4349999999999995}",20,13,11.709276437857103,"{0: 7, 1: 0, 2: 0, 3: 0, 4: 0}",1
114,False,"{'a': 0.6, 'e': 0.4299999999999995}",20,5,12.079416784045641,"{0: 14, 1: 0, 2: 1, 3: 0, 4: 0}",1
115,False,"{'a': 0.6, 'e': 0.4249999999999995}",20,0,-2.9891426730475095,"{0: 17, 1: 0, 2: 3, 3: 0, 4: 0}",1
116,False,"{'a': 0.6, 'e': 0.4199999999999995}",30,8,-16.67006020498871,"{0: 18, 1: 2, 2: 1, 3: 1, 4: 0}",1
117,False,"{'a': 0.6, 'e': 0.4149999999999995}",25,0,6.875959736906099,"{0: 22, 1: 1, 2: 2, 3: 0, 4: 0}",0
118,False,"{'a': 0.6, 'e': 0.4099999999999995}",25,0,-33.639015239121086,"{0: 19, 1: 2, 2: 3, 3: 1, 4: 0}",0
119,False,"{'a': 0.6, 'e': 0.40499999999999947}",25,0,-2.4649707070060147,"{0: 21, 1: 2, 2: 2, 3: 0, 4: 0}",0
120,False,"{'a': 0.6, 'e': 0.39999999999999947}",25,11,14.240996743752902,"{0: 13, 1: 0, 2: 1, 3: 0, 4: 0}",1
121,False,"{'a': 0.6, 'e': 0.39499999999999946}",20,11,-31.192124094048932,"{0: 7, 1: 1, 2: 0, 3: 0, 4: 1}",1
122,False,"{'a': 0.6, 'e': 0.38999999999999946}",25,0,2.0208594160192694,"{0: 22, 1: 0, 2: 3, 3: 0, 4: 0}",0
123,False,"{'a': 0.6, 'e': 0.38499999999999945}",20,0,-97.82602837514354,"{0: 13, 1: 2, 2: 2, 3: 2, 4: 1}",0
124,False,"{'a': 0.6, 'e': 0.37999999999999945}",30,0,-112.134794407276,"{0: 21, 1: 2, 2: 5, 3: 0, 4: 2}",0
125,False,"{'a': 0.6, 'e': 0.37499999999999944}",20,0,-89.91355715912182,"{0: 13, 1: 1, 2: 4, 3: 1, 4: 1}",0
126,False,"{'a': 0.6, 'e': 0.36999999999999944}",30,20,20.54484406457169,"{0: 10, 1: 0, 2: 0, 3: 0, 4: 0}",1
127,False,"{'a': 0.6, 'e': 0.36499999999999944}",30,20,17.987289814138716,"{0: 10, 1: 0, 2: 0, 3: 0, 4: 0}",1
128,False,"{'a': 0.6, 'e': 0.35999999999999943}",20,0,-8.785558553778747,"{0: 17, 1: 0, 2: 3, 3: 0, 4: 0}",0
129,False,"{'a': 0.6, 'e': 0.3549999999999994}",20,3,11.725604184417763,"{0: 15, 1: 1, 2: 1, 3: 0, 4: 0}",1
130,False,"{'a': 0.6, 'e': 0.3499999999999994}",25,9,3.9937679931219594,"{0: 14, 1: 0, 2: 2, 3: 0, 4: 0}",1
131,False,"{'a': 0.6, 'e': 0.3449999999999994}",30,11,-50.84246515684978,"{0: 13, 1: 3, 2: 2, 3: 0, 4: 1}",1
132,False,"{'a': 0.6, 'e': 0.3399999999999994}",20,4,9.49641033343401,"{0: 14, 1: 2, 2: 0, 3: 0, 4: 0}",1
133,False,"{'a': 0.6, 'e': 0.3349999999999994}",25,13,-16.03803039550598,"{0: 9, 1: 0, 2: 3, 3: 0, 4: 0}",1
134,False,"{'a': 0.6, 'e': 0.3299999999999994}",20,0,4.364284472624279,"{0: 18, 1: 0, 2: 2, 3: 0, 4: 0}",0
135,False,"{'a': 0.6, 'e': 0.3249999999999994}",30,19,-18.589854738551452,"{0: 7, 1: 2, 2: 2, 3: 0, 4: 0}",1
136,False,"{'a': 0.6, 'e': 0.3199999999999994}",20,10,13.59676638106284,"{0: 9, 1: 1, 2: 0, 3: 0, 4: 0}",1
137,False,"{'a': 0.6, 'e': 0.3149999999999994}",20,12,9.051279367083232,"{0: 7, 1: 1, 2: 0, 3: 0, 4: 0}",1
138,False,"{'a': 0.6, 'e': 0.3099999999999994}",20,0,0.5953036888721652,"{0: 17, 1: 1, 2: 2, 3: 0, 4: 0}",0
139,False,"{'a': 0.6, 'e': 0.3049999999999994}",30,14,-31.415640174277527,"{0: 13, 1: 1, 2: 1, 3: 0, 4: 1}",1
140,False,"{'a': 0.6, 'e': 0.2999999999999994}",20,7,1.0003830830939657,"{0: 12, 1: 0, 2: 0, 3: 1, 4: 0}",1
141,False,"{'a': 0.6, 'e': 0.2949999999999994}",25,13,-13.247772597231588,"{0: 9, 1: 0, 2: 3, 3: 0, 4: 0}",1
142,False,"{'a': 0.6, 'e': 0.28999999999999937}",20,8,18.72756056903438,"{0: 11, 1: 1, 2: 0, 3: 0, 4: 0}",1
143,False,"{'a': 0.6, 'e': 0.28499999999999936}",20,13,3.6170605716063697,"{0: 6, 1: 1, 2: 0, 3: 0, 4: 0}",1
144,False,"{'a': 0.6, 'e': 0.27999999999999936}",20,6,27.772566198288143,"{0: 14, 1: 0, 2: 0, 3: 0, 4: 0}",1
145,False,"{'a': 0.6, 'e': 0.27499999999999936}",30,7,17.439106138065654,"{0: 21, 1: 1, 2: 1, 3: 0, 4: 0}",1
146,False,"{'a': 0.6, 'e': 0.26999999999999935}",30,16,-6.266663317489481,"{0: 11, 1: 1, 2: 2, 3: 0, 4: 0}",1
147,False,"{'a': 0.6, 'e': 0.26499999999999935}",25,14,4.304192061952301,"{0: 9, 1: 2, 2: 0, 3: 0, 4: 0}",1
148,False,"{'a': 0.6, 'e': 0.25999999999999934}",25,19,13.525213636862722,"{0: 6, 1: 0, 2: 0, 3: 0, 4: 0}",1
149,False,"{'a': 0.6, 'e': 0.25499999999999934}",30,23,-27.262072357006108,"{0: 6, 1: 0, 2: 0, 3: 0, 4: 1}",1
150,False,"{'a': 0.6, 'e': 0.24999999999999933}",25,6,32.5713045266281,"{0: 19, 1: 0, 2: 0, 3: 0, 4: 0}",1
151,False,"{'a': 0.6, 'e': 0.24499999999999933}",20,12,14.698124554050848,"{0: 8, 1: 0, 2: 0, 3: 0, 4: 0}",1
152,False,"{'a': 0.6, 'e': 0.23999999999999932}",20,10,4.831484519475671,"{0: 9, 1: 0, 2: 1, 3: 0, 4: 0}",1
153,False,"{'a': 0.6, 'e': 0.23499999999999932}",30,19,-20.061234580516253,"{0: 10, 1: 0, 2: 0, 3: 0, 4: 1}",1
154,False,"{'a': 0.6, 'e': 0.22999999999999932}",20,3,6.947559333344605,"{0: 16, 1: 0, 2: 0, 3: 1, 4: 0}",1
155,False,"{'a': 0.6, 'e': 0.2249999999999993}",20,0,-32.10906123565839,"{0: 17, 1: 0, 2: 2, 3: 0, 4: 1}",0
156,False,"{'a': 0.6, 'e': 0.2199999999999993}",25,15,-36.849336961908655,"{0: 8, 1: 0, 2: 1, 3: 0, 4: 1}",1
157,False,"{'a': 0.6, 'e': 0.2149999999999993}",20,0,-18.857402050111244,"{0: 18, 1: 1, 2: 0, 3: 0, 4: 1}",0
158,False,"{'a': 0.6, 'e': 0.2099999999999993}",20,4,-40.45861774005888,"{0: 12, 1: 2, 2: 1, 3: 0, 4: 1}",1
159,False,"{'a': 0.6, 'e': 0.2049999999999993}",25,10,26.913746498707567,"{0: 15, 1: 0, 2: 0, 3: 0, 4: 0}",1
160,False,"{'a': 0.6, 'e': 0.1999999999999993}",20,3,2.0515075579777777,"{0: 14, 1: 2, 2: 1, 3: 0, 4: 0}",1
161,False,"{'a': 0.6, 'e': 0.19499999999999929}",25,5,33.715287664030136,"{0: 20, 1: 0, 2: 0, 3: 0, 4: 0}",1
162,False,"{'a': 0.6, 'e': 0.18999999999999928}",20,6,-16.490686903509083,"{0: 13, 1: 0, 2: 0, 3: 0, 4: 1}",1
163,False,"{'a': 0.6, 'e': 0.18499999999999928}",25,0,34.39922762118146,"{0: 25, 1: 0, 2: 0, 3: 0, 4: 0}",0
164,False,"{'a': 0.6, 'e': 0.17999999999999927}",20,6,15.050993041465661,"{0: 13, 1: 0, 2: 1, 3: 0, 4: 0}",1
165,False,"{'a': 0.6, 'e': 0.17499999999999927}",20,0,16.32235540667541,"{0: 19, 1: 0, 2: 1, 3: 0, 4: 0}",0
166,False,"{'a': 0.6, 'e': 0.16999999999999926}",30,17,17.849591448437145,"{0: 12, 1: 0, 2: 1, 3: 0, 4: 0}",1
167,False,"{'a': 0.6, 'e': 0.16499999999999926}",35,20,28.35457828897155,"{0: 15, 1: 0, 2: 0, 3: 0, 4: 0}",1
168,False,"{'a': 0.6, 'e': 0.15999999999999925}",20,0,27.21258484268425,"{0: 20, 1: 0, 2: 0, 3: 0, 4: 0}",0
169,False,"{'a': 0.6, 'e': 0.15499999999999925}",20,0,-10.198408973757969,"{0: 19, 1: 0, 2: 0, 3: 0, 4: 1}",0
170,False,"{'a': 0.6, 'e': 0.14999999999999925}",30,10,5.992908580345242,"{0: 18, 1: 0, 2: 2, 3: 0, 4: 0}",1
171,False,"{'a': 0.6, 'e': 0.14499999999999924}",25,13,-20.88208758602092,"{0: 11, 1: 0, 2: 0, 3: 0, 4: 1}",1
172,False,"{'a': 0.6, 'e': 0.13999999999999924}",25,3,26.705664509608994,"{0: 21, 1: 0, 2: 1, 3: 0, 4: 0}",1
173,False,"{'a': 0.6, 'e': 0.13499999999999923}",25,13,24.902484816490364,"{0: 12, 1: 0, 2: 0, 3: 0, 4: 0}",1
174,False,"{'a': 0.6, 'e': 0.12999999999999923}",20,0,13.483642310162924,"{0: 18, 1: 2, 2: 0, 3: 0, 4: 0}",0
175,False,"{'a': 0.6, 'e': 0.12499999999999922}",20,15,10.82316643010011,"{0: 5, 1: 0, 2: 0, 3: 0, 4: 0}",1
176,False,"{'a': 0.6, 'e': 0.11999999999999922}",20,12,12.14738342491906,"{0: 8, 1: 0, 2: 0, 3: 0, 4: 0}",1
177,False,"{'a': 0.6, 'e': 0.11499999999999921}",20,12,5.690046447505925,"{0: 7, 1: 1, 2: 0, 3: 0, 4: 0}",1
178,False,"{'a': 0.6, 'e': 0.10999999999999921}",20,14,13.416781514566999,"{0: 6, 1: 0, 2: 0, 3: 0, 4: 0}",1
179,False,"{'a': 0.6, 'e': 0.1049999999999992}",20,0,6.668520591523361,"{0: 18, 1: 1, 2: 1, 3: 0, 4: 0}",0
180,False,"{'a': 0.6, 'e': 0.0999999999999992}",20,0,-8.438786536879855,"{0: 19, 1: 0, 2: 0, 3: 0, 4: 1}",0
181,False,"{'a': 0.6, 'e': 0.0949999999999992}",20,12,15.577780581201049,"{0: 8, 1: 0, 2: 0, 3: 0, 4: 0}",1
182,False,"{'a': 0.6, 'e': 0.08999999999999919}",25,14,12.52341067515967,"{0: 10, 1: 0, 2: 1, 3: 0, 4: 0}",1
183,False,"{'a': 0.6, 'e': 0.08499999999999919}",20,3,25.365906040753686,"{0: 17, 1: 0, 2: 0, 3: 0, 4: 0}",1
184,False,"{'a': 0.6, 'e': 0.07999999999999918}",20,10,-0.6437472160782371,"{0: 8, 1: 1, 2: 1, 3: 0, 4: 0}",1
185,False,"{'a': 0.6, 'e': 0.07499999999999918}",25,18,13.12808636540371,"{0: 7, 1: 0, 2: 0, 3: 0, 4: 0}",1
186,False,"{'a': 0.6, 'e': 0.06999999999999917}",20,10,16.98879736705195,"{0: 10, 1: 0, 2: 0, 3: 0, 4: 0}",1
187,False,"{'a': 0.6, 'e': 0.06499999999999917}",25,10,15.946226958409843,"{0: 14, 1: 0, 2: 1, 3: 0, 4: 0}",1
188,False,"{'a': 0.6, 'e': 0.05999999999999917}",25,13,19.8048887738111,"{0: 12, 1: 0, 2: 0, 3: 0, 4: 0}",1
189,False,"{'a': 0.6, 'e': 0.054999999999999175}",20,13,12.803243208047311,"{0: 7, 1: 0, 2: 0, 3: 0, 4: 0}",1
190,False,"{'a': 0.6, 'e': 0.04999999999999918}",35,20,28.336731488708786,"{0: 15, 1: 0, 2: 0, 3: 0, 4: 0}",1
1,True,"{'a': 0, 'e': 0}",20,14,10.550292447515648,"{0: 6, 1: 0, 2: 0, 3: 0, 4: 0}",1
2,True,"{'a': 0, 'e': 0}",20,8,22.108549377965883,"{0: 12, 1: 0, 2: 0, 3: 0, 4: 0}",1
3,True,"{'a': 0, 'e': 0}",20,11,14.13841873373162,"{0: 9, 1: 0, 2: 0, 3: 0, 4: 0}",1
4,True,"{'a': 0, 'e': 0}",25,20,10.951823659764802,"{0: 5, 1: 0, 2: 0, 3: 0, 4: 0}",1
5,True,"{'a': 0, 'e': 0}",20,6,26.285100679190325,"{0: 14, 1: 0, 2: 0, 3: 0, 4: 0}",1
6,True,"{'a': 0, 'e': 0}",20,10,19.3354636415213,"{0: 10, 1: 0, 2: 0, 3: 0, 4: 0}",1
7,True,"{'a': 0, 'e': 0}",20,12,14.002787955035734,"{0: 8, 1: 0, 2: 0, 3: 0, 4: 0}",1
8,True,"{'a': 0, 'e': 0}",25,14,20.581031350323904,"{0: 11, 1: 0, 2: 0, 3: 0, 4: 0}",1
9,True,"{'a': 0, 'e': 0}",30,4,49.759156995663176,"{0: 26, 1: 0, 2: 0, 3: 0, 4: 0}",1
10,True,"{'a': 0, 'e': 0}",25,18,13.65190881087877,"{0: 7, 1: 0, 2: 0, 3: 0, 4: 0}",1
11,True,"{'a': 0, 'e': 0}",20,14,12.02434282652583,"{0: 6, 1: 0, 2: 0, 3: 0, 4: 0}",1
12,True,"{'a': 0, 'e': 0}",30,18,23.09096842352208,"{0: 12, 1: 0, 2: 0, 3: 0, 4: 0}",1
13,True,"{'a': 0, 'e': 0}",20,12,13.740972444221004,"{0: 8, 1: 0, 2: 0, 3: 0, 4: 0}",1
14,True,"{'a': 0, 'e': 0}",20,16,8.976534719824727,"{0: 4, 1: 0, 2: 0, 3: 0, 4: 0}",1
15,True,"{'a': 0, 'e': 0}",30,15,28.345010636308114,"{0: 15, 1: 0, 2: 0, 3: 0, 4: 0}",1
16,True,"{'a': 0, 'e': 0}",20,8,21.939106738717783,"{0: 12, 1: 0, 2: 0, 3: 0, 4: 0}",1
17,True,"{'a': 0, 'e': 0}",30,11,35.61193790227337,"{0: 19, 1: 0, 2: 0, 3: 0, 4: 0}",1
18,True,"{'a': 0, 'e': 0}",30,13,26.72727754255373,"{0: 17, 1: 0, 2: 0, 3: 0, 4: 0}",1
19,True,"{'a': 0, 'e': 0}",20,16,7.861989491590858,"{0: 4, 1: 0, 2: 0, 3: 0, 4: 0}",1
20,True,"{'a': 0, 'e': 0}",20,16,6.963064245581459,"{0: 4, 1: 0, 2: 0, 3: 0, 4: 0}",1
